name,place,owner,content
なるほど体感！サイエンスショー,工学部2号館,サイエンスコミュニケーションサークルCAST,パフォーマンス/ショー
作って体感！サイエンスアトリエ,工学部2号館,サイエンスコミュニケーションサークルCAST,学術/体験
なるほど実感！サイエンスミュージアム,工学部2号館,サイエンスコミュニケーションサークルCAST,学術/展示
みかんのお酒飲み比べ,農学部1号館,みかん愛好会アラムナイ「晩柑会」,飲食/酒類
世界のお酒,正赤通りB5,教養学部教養学科総合社会科学分科,飲食/酒類
ふぃろ処,工学部6号館横3,フィロムジカ有志,飲食/飲み物
五月酔,工学部広場D4,酒料理研究会,飲食/酒類
東大踊々夢,工学部広場ステージ,まるきゅうProject,パフォーマンス/ダンス
盤上遊戯堂,工学部1号館,理科二・三類17組,エンタメ/ゲーム、パズル
Je suis donut?,正赤通りB2,文科一・二類25組,飲食/スイーツ
精密Lab.,工学部14号館,工学部精密工学科,学術/体験
しゃかいきばんど,セントラルステージ,工学部社会基盤学科B4M2有志,音楽/バンド
絶品！ふくいのソースかつ,銀杏並木B6,学生団体おちょきん,飲食/軽食
肉汁汁汁！美味すぎて滅！,農学部2号館前B6,TECKTECK,飲食/軽食
10分で伝えます！東大研究最前線,工学部3号館2階,大学院生詰め合わせ,学術/講演会、発表
狩人の会 ジビエソーセージ,正赤通りD1,狩人の会,飲食/軽食
神社カフェ,工学部1号館,神社研究会,飲食/軽食
BR研五月祭ライブ,図書館通りC1,British Rock研究会,音楽/バンド
絶品牛串研究会,図書館通りA1,理科一類16組,飲食/軽食
海洋プラからキーホルダー作り＆沖縄茶菓子,農学部1号館,Diligent,エンタメ/工作、体験
東京大学FGA教室ライブ,工学部8号館,FGA,音楽/バンド
Human Eatbox〜チョコチュロSound〜,銀杏並木B4,ビートボックスサークルHeartBeat,飲食/スイーツ
空飛ぶくるくるポテト,銀杏並木C6,ハンググライダーサークルfalsada,飲食/お食事系
東京大学地域継承研究会,赤門通りC6,地域継承研究会,学術/展示
知財軍団の薬膳おでん,伊藤門通りA9,法学政治学研究科田村研究室,飲食/軽食
Samosay Pakoray,工学部広場B7,Pakistan Student Association Todai,飲食/お食事系
ホンゴウシティポケモンジム,工学部5号館,ポケモンサークル ぽけっち,エンタメ/ゲーム、パズル
初恋バインミー,工学部広場A2,ベトナム人留学生会,飲食/軽食
骨と狩猟展,工学部3号館,狩人の会,学術/展示
ウクレレ・キキナ！,工学部広場ステージ,ウクレレ・ヒキナ,音楽/楽器演奏
民族舞踊研究会,図書館前ステージ,民族舞踊研究会,パフォーマンス/ダンス
五ガツサンド,医学部広場B1,理科一類23組,飲食/お食事系
麦酒研究所,農学部通りG6,農学部生命化学・工学専修,飲食/酒類
峯松・齋藤研究室　一般公開,工学部2号館,工学系研究科電気系工学専攻峯松・齋藤研究室,学術/展示
折紙美術館'26 in本郷,工学部8号館,折紙サークルOrist,学術/展示
STEP五月祭公演,図書館前ステージ,K-POPダンスサークルSTEP,パフォーマンス/ダンス
東大ハロ研'26五月祭ステージ,セントラルステージ,ハロプロ研究会'26,パフォーマンス/ショー
Jazz Junk Workshop,法文1号館(西),Jazz Junk Workshop,音楽/楽器演奏
東大音感,赤門総合研究棟,音感,音楽/楽器演奏
恋するフルーツマカロン,工学部6号館横6,マカロン研究会,飲食/酒類
理化ビール園,理学部化学館,東京大学理学部化学科,飲食/酒類
東大箏研五月祭演奏会,弥生講堂アネックス,箏曲研究会,音楽/楽器演奏
学歴の暴力最終講義ツアー〜東大五月祭〜,セントラルステージ,アイドル同好会,パフォーマンス/ショー
人口31人の限界集落の日本酒,法文1号館(西),FS南伊勢町,飲食/酒類
パリトッツォ,工学部広場C4,理科一類34組,飲食/スイーツ
匂い袋作り体験,工学部5号館,香り研究会,エンタメ/工作、体験
工学博覧会,工学部6号館,工学部物理工学科・計数工学科,学術/体験
Guns N’ Roses コピーバンド,セントラルステージ,Guns N’ Roses コピーバンド,音楽/バンド
人狼の館,経済学研究科棟,人狼研究会,エンタメ/ゲーム、パズル
本格麻婆豆腐 乘濵楼,工学部横丁8,麻婆愛好会　乘濵楼,飲食/お食事系
本郷醸造クラフトビール,工学部広場G11,ビール好き有志,飲食/酒類
ローブラス同好会五月祭演奏会,第二食堂,ローブラス同好会,音楽/楽器演奏
あっぷるストア青森店,農学部通りE1,りんごの会,飲食/スイーツ
近未来体験2026,工学部2号館,工学部電気系学科,学術/体験
2024年度入学文科一・二類13組有志企画,正赤通りC1,文科一・二類13組有志,エンタメ/ゲーム、パズル
似顔絵屋,工学部11号館,まんがくらぶ,エンタメ/工作、体験
テニス部の焼きそば,伊藤門通りB3,硬式庭球部,飲食/お食事系
PK shampoo,セントラルステージ,石津大樹,音楽/バンド
水槽試験体験企画,船型試験水槽,工学部システム創成学科船舶海洋系研究室,学術/体験
春のそよかぜ　五月祭公演,教育学部棟,劇団春のそよかぜ,パフォーマンス/ショー
Infinite Grain 五月祭スペシャルライブ,セントラルステージ,Infinite Grain,音楽/バンド
非進学校出身東大生の合格体験記,三四郎坂B6,UTFR,学術/展示
NIDONE五月祭ライブ'26,セントラルステージ,NIDONE,音楽/バンド
台湾のおいしい角煮まん,赤門通りA4,公共政策学教育部,飲食/お食事系
五感で楽しむ生命科学,農学部2号館,農学生命科学研究科 応用生命化学専攻／応用生命工学専攻,学術/体験
Bangladeshi Stall,工学部広場C5,Bangladeshi Stall,飲食/軽食
Namaste India,工学部広場A3,ISA,飲食/軽食
近似 Gnu,セントラルステージ,近似 Gnu,音楽/バンド
東京大学歌劇団五月祭演奏会,安田講堂,歌劇団,音楽/合唱
French Kissed Toasts,工学部広場C6,French Students Circle,飲食/スイーツ
己が医志道,医学部2号館本館,医学部医学科,学術/体験
学祭ラジオ楓庵,工学部5号館,放送研究会,エンタメ/講演会、発表
Afri Connect Café,工学部広場A5,African Student Union,飲食/飲み物
上州名物　焼きまんじゅう,銀杏並木C4,司法試験予備試験研究所,飲食/軽食
世界はそれをインフラと呼ぶんだぜ,工学部1号館,工学部社会基盤学科,学術/体験
五月祭百年史,教育学部棟,五月祭百年史企画実行委員,学術/展示
建築学科パビリオン,工学部1号館,工学部建築学科,学術/展示
ロボットと“遊ぶ”ラボ,工学部2号館,ベンチャー研究室,学術/展示
東大オケ二食演奏会・室内楽演奏会,第二食堂,音楽部管弦楽団,音楽/オーケストラ
能狂言五月之座,工学部8号館,能狂言研究会,パフォーマンス/ショー
WINGS五月祭ステージ,図書館前ステージ,KPOPカバーダンスサークルWINGS,パフォーマンス/ダンス
東大水族館＆うな丼2026,農学部3号館,農学部応用生命科学課程水圏生物科学専修,エンタメ/展示
OLKの焼きそば,正赤通りF4,オリエンテーリングクラブ,飲食/お食事系
法律相談所　第78回模擬裁判,安田講堂,法律相談所,パフォーマンス/ショー
オージーBBQ,図書館通りA6,メルボルン交友会,飲食/お食事系
野球フランクフルト,医学部広場A2,野球部OB留年組,飲食/軽食
裏千家茶道同好会五月祭茶会,学生支援センター,裏千家茶道同好会,飲食/軽食
東大アメフト部五月祭試合,御殿下グラウンド,アメリカンフットボール部WARRIORS,パフォーマンス/スポーツ、武道
日本酒利き酒 2026,農学部2号館,農学部 生命化学・工学専修,飲食/酒類
東京大学仏教青年会五月祭講演会,経済学研究科棟,仏教青年会,学術/講演会、発表
子供食堂クレープOIKOS,農学部2号館前A3,OIKOS 東大,飲食/スイーツ
たい焼きピンキー,銀杏並木C7,ラクロス部男女,飲食/軽食
御殿下ダンスパフォーマンス,銀杏並木西,御殿下木曜ナイトフィーバー,パフォーマンス/ダンス
香る！小豆島オリーブキッチン,農学部1号館前B6,FS小豆島土庄町チーム,飲食/軽食
LiSA コピーバンド,セントラルステージ,LiSAコピーバンド,音楽/バンド
角打ち　東大,工学部広場B5,三好日向・佐々木大成,飲食/スイーツ
東京大学合気道気錬会五月祭演武会,七徳堂,合気道気錬会,パフォーマンス/スポーツ、武道
忠弥坂46 初披露の会,図書館前ステージ,忠弥坂46,パフォーマンス/ダンス
星野源(copy),セントラルステージ,星野源愛好会,音楽/バンド
SOS団　部室,工学部6号館,SOS団東大支部,エンタメ/展示
銀杏ノ空 2nd Unit Live!,セントラルステージ,ラブライブ！,パフォーマンス/ダンス
辺境のアウトローたち,弥生講堂,民族問題研究部,学術/講演会、発表
医学部野球部の牛串,伊藤門通りA3,鉄門野球部,飲食/軽食
酒池肉らうど,農学部通りB6,クラウドナイン,飲食/軽食
光学の基礎から最先端まで学ぼう,ガラス棟,SPIE Student Chapter,学術/体験
東大博物マルシェ,図書館広場4,結晶研究会,学術/展示
むら塾マルシェ,伊藤門通りA1,むら塾,飲食/スイーツ
東大POMP五月祭ライブ,赤門総合研究棟,POMP,音楽/バンド
フレーフレー！じゃがいも応援団,医学部広場A4,文科一・二類28組,飲食/軽食
Pentronic Lab. Store,工学部広場E8,Pentronic Lab.,学術/展示
Pentronic Lab. Factory,工学部8号館,Pentronic Lab.,学術/体験
アキネーターカードゲーム　THE NAME,理学部4号館,RESCEUビックバン宇宙国際センター,エンタメ/ゲーム、パズル
9Base,法文1号館(西),Studio 9,音楽/楽器演奏
東大オケ五月祭特別演奏会,安田講堂,音楽部管弦楽団,音楽/オーケストラ
UTPoker May Poker Festival,理学部1号館,UTPoker,エンタメ/ゲーム、パズル
東大華道部~華展2026~,安田講堂,華道部,エンタメ/展示
絶品ポテト,正赤通りD2,Kartoffel Labor,飲食/お食事系
ハイパー・バナナクラシー,赤門通りA1,教育学部比較教育社会学コース,飲食/スイーツ
巨大木質パビリオン,弥生講堂アネックス,生物材料科学専攻木質材料学研究室,学術/展示
フィ科のイカ焼き,農学部通りE2,農学部フィールド科学専修,飲食/お食事系
キカイ×ワールド,工学部2号館,工学部機械工学科・機械情報工学科,エンタメ/工作、体験
君に届けたい焼き,工学部広場D3,文科三類6組,飲食/軽食
プラレーラーズ五月祭2026,工学部3号館,プラレーラーズ,エンタメ/展示
合氣道ミニ体験会,法文1号館(西),心身統一合氣道同好会,学術/体験
君もアナウンサーにならないか？,工学部5号館1階55号講義室,放送研究会,エンタメ/工作、体験
東大台湾タピオカ専門店,銀杏並木D9,台湾留学生会,飲食/飲み物
アイスホッケー部、氷削ります。,中央通りF7,スケート部アイスホッケー部門,飲食/スイーツ
東大グッズショップ,図書館広場7,UTokyo Brand Studio 学生有志,学術/展示
あっとはんど　手芸バザー,工学部5号館,手芸サークルあっとはんど,エンタメ/展示
飯舘村麦酒大学,工学部広場E6,飯舘村ホッププロジェクト,飲食/酒類
五月祭 浴衣の会,弥生講堂,日本舞踊研究会,パフォーマンス/ダンス
オレスマのクレープ,工学部広場G4,オレンジスマッシュ,飲食/スイーツ
Bistro Okonomi,伊藤門横丁3,理科二・三類24組,飲食/お食事系
牛串タクティクス,銀杏並木B9,タクティクス,飲食/軽食
フィロムジカ五月祭演奏会,安田講堂,フィロムジカ交響楽団,音楽/オーケストラ
鳴弦の儀,育徳堂,弓術部,パフォーマンス/スポーツ、武道
チョリパンは飛んでいく,銀杏並木A6,民族音楽愛好会,飲食/軽食
博麗幻奏之儀弐拾玖部,第二食堂,幻想郷,音楽/楽器演奏
揚げて揚げて揚げて揚げて揚げてまいります,図書館通りA7,理科一類21組,飲食/スイーツ
FreeDジャズダンスショー,セントラルステージ,ジャズダンスサークルFreeD,パフォーマンス/ダンス
五月祭茶会,理学部1号館,茶道部,飲食/飲み物
東大アンプラグド路上ライブ,銀杏並木B1,アンプラグド,音楽/楽器演奏
人類と健康~ｻｲﾚﾝﾄｷﾗｰ(塩)に挑む社会医学~,経済学研究科棟,医学系研究科公共健康医学専攻(SPH),学術/講演会、発表
イタリアを歌う,弥生講堂,ベルカント研究ゼミナール,音楽/合唱
鉄道研究展,工学部1号館,鉄道研究会,エンタメ/展示
カリーヴルスト専門店東大赤門前店,伊藤門通りB2,文科一・二類21組,飲食/軽食
五月祭香席,工学部3号館,香道部,学術/体験
あらぐさ Band Live,正門横7,合唱団あらぐさ,音楽/バンド
Sunsetのお好み焼き,工学部横丁3,ソフトバレーボールサークル Sunset,飲食/お食事系
LaVoceアカペラストリートライブ,工学部横丁1,アカペラバンドサークル LaVoce,音楽/バンド
富木合気道を見て体験してみよう,七徳堂,スポーツ合気道クラブ,パフォーマンス/スポーツ、武道
五月祭書道展,工学部2号館,書道研究会,エンタメ/展示
岡野正敬・前NSS局長特別講演会,法文1号館(東),法学部緑会委員会,学術/講演会、発表
大福タルト専門店 くもゐ,図書館通りB6,designing plus nine,飲食/スイーツ
立体日本地図,赤門総合研究棟,地文研究会地理部,学術/展示
MGA五月祭Live 東大編,セントラルステージ,音感有志,音楽/バンド
モルックストラックアウト,農学部グラウンド,モルックサークルNoMistake,エンタメ/ゲーム、パズル
本郷で馬に乗ろう！,農学部グラウンド,馬術部,エンタメ/工作、体験
ダブルダッチの宴,工学部広場ステージ,D-act,パフォーマンス/ショー
三味線こんさーと,弥生講堂アネックス,長唄研究会,音楽/楽器演奏
東大ピアノの会　五月祭大演奏会,工学部11号館,ピアノの会,音楽/楽器演奏
東京大学フラメンコ舞踏団五月祭公演,工学部広場ステージ,フラメンコ舞踏団,パフォーマンス/ダンス
乗鞍流！ふわふわかき氷,農学部1号館前A5,乗鞍サマースクール,飲食/スイーツ
遊んで学ぶ！法律教室,法文1号館(西),法律相談所,学術/体験
五月寄席,理学部1号館,落語研究会,パフォーマンス/ショー
東大POMP ステージライブ,セントラルステージ,POMP,音楽/バンド
Qué kebab,正赤通りF1,理科二・三類7組,飲食/お食事系
牛串Lovers,中央通りA3,スポーツ愛好会硬式テニスパート,飲食/軽食
フリスビーでストラックアウト！,図書館広場1,Skywalkers,エンタメ/ゲーム、パズル
東大つくラボ「Blue Kebab」,中央通りA5,トルコ文化同好会,飲食/お食事系
Fish & Cheers!,銀杏並木D3,YMCA寮,飲食/お食事系
パズル博物館,ガラス棟,ペンシルパズル同好会,エンタメ/ゲーム、パズル
五月祭合唱祭,安田講堂,合唱団連盟,音楽/合唱
小さな月経博物館,医学部広場C4,Aile for Period,学術/展示
南国ジュース＆サワー,工学部広場G8,海洋研究会,飲食/飲み物
時代錯誤社,中央通りC1,時代錯誤社,エンタメ/展示
名曲喫茶,法文1号館(西),フィロムジカ交響楽団喫茶班,音楽/楽器演奏
エレクトーンコンサート2026,国際学術総合研究棟,エレクトーンクラブ,音楽/楽器演奏
ユータートル・トーク,教育学部棟,J-CAD,飲食/軽食
襖張り替え実演,工学部3号館,襖クラブ,パフォーマンス/ショー
NSR from 富山,正門,自転車部旅行班,パフォーマンス/スポーツ、武道
書道パフォーマンス,工学部広場ステージ,書道研究会,パフォーマンス/ショー
串や河童,中央通りB5,水泳部,飲食/軽食
メロンパンアイスをパンパンに食べるかい？,中央通りF5,パンをパンパンに食べる会,飲食/スイーツ
岐阜県学寮五平餅,医学部広場C3,岐阜県学寮,飲食/お食事系
Link Start!,工学部1号館,VRサークルUT-virtual,エンタメ/工作、体験
薬学部の扉を開こう！,薬学部棟,薬学部,学術/体験
わかる！無線通信,工学部2号館,アマチュア無線クラブ,学術/体験
鉱物化石体験館,理学部1号館,地文研究会地質部,学術/展示
寄り道アメリカンドッグ,工学部広場F4,理科二・三類15組,飲食/軽食
AR金魚すくい,工学部5号館,11時03分駅前集合,エンタメ/ゲーム、パズル
どえりゃーうみゃー味噌串カツ,図書館通りC6,愛知学生会館,飲食/軽食
クセになってんだアイス揚げるの,農学部2号館前B1,スカッシュサークル,飲食/スイーツ
医学部水泳部性格占いの館,医学部広場C5,鉄門水泳部,学術/体験
芋の強制振動,正赤通りC4,理科一類29組,飲食/軽食
合唱喫茶 Green Echo,工学部1号館,緑会合唱団,音楽/合唱
ラクロス部五月祭試合,御殿下グラウンド,ラクロス部,パフォーマンス/スポーツ、武道
Acclament’26,セントラルステージ,Acclament,音楽/バンド
Magic Café,理学部1号館東棟3階380講義室,奇術愛好会,パフォーマンス/ショー
東大で点字体験,工学部2号館,点友会,学術/体験
運動会合気道部五月祭演武会,七徳堂,合気道部,パフォーマンス/スポーツ、武道
U.T.O.,伊藤門横丁2,理科二・三類18組,飲食/お食事系
東大謎解きカフェ,理学部1号館,来夢の会,エンタメ/ゲーム、パズル
ますらぼ,経済学研究科棟,理学部数学科,学術/展示
バルーンアートの森,国際学術総合研究棟,バルーンアート同好会,エンタメ/展示
べびぶる交流会&ミニライブ,法文1号館(西),Baby blue eyes,パフォーマンス/ダンス
大豆ミート de ジャージャー麺,法文1号館(西),あぐりえこん。,飲食/お食事系
Stage Project,工学部広場ステージ,Indian Student Association,パフォーマンス/ダンス
東大芸研短編演劇企画,教育学部棟,芸能研究科,パフォーマンス/ショー
東京大学文芸サークル合同会誌即売会,工学部6号館横2,文芸サークル連合,学術/展示
東大医学部たこ焼き灯誓園,医学部広場A1,鉄門灯誓会,飲食/お食事系
あんぷらスイーツ,農学部通りB3,アンプラグド,飲食/スイーツ
TSG LIVE! 16,工学部3号館,理論科学グループ,学術/講演会、発表
ATP合成所,工学部広場G6,バイオエンジニアリング専攻,飲食/スイーツ
ゆく都市くる都市,工学部14号館,工学部都市工学科都市計画コース,学術/展示
東京大学運動会躰道部演武会,七徳堂,躰道部,パフォーマンス/スポーツ、武道
古本市,法文1号館,生協学生委員会,学術/展示
GOROの部屋,工学部14号館,オセロサークルGORO,エンタメ/ゲーム、パズル
東大アニメフェス,工学部8号館,アニメ研究ゼミ,エンタメ/展示
ストリートダンスショー,銀杏並木西,Slinky Yugo,パフォーマンス/ダンス
翔べ！はしまき,工学部広場F3,ホノルルマラソンを走る会,飲食/お食事系
百瀬帆南トークショー in 東大,理学部4号館,アニメーション研究会,パフォーマンス/ショー
SASの牛串,銀杏並木D8,SAS,飲食/軽食
盆踊りin東大,理学部スペース,盆踊りサークル,パフォーマンス/ダンス
政策パネルディスカッション,工学部14号館,GEIL,学術/講演会、発表
キックターゲット,工学部2号館前4,ア式蹴球部,エンタメ/ゲーム、パズル
旧約酒場,農学部1号館,幻想郷,飲食/酒類
広島お好み焼き,銀杏並木A3,Hiroshima UT-Link,飲食/お食事系
東京大学運動会空手部　大演武会,七徳堂,空手部,パフォーマンス/スポーツ、武道
第3回東大本郷レベル模試,経済学研究科棟,作問サークル,学術/体験
UNISON SQUARE GARDEN,セントラルステージ,定演ユニゾン,音楽/バンド
オレオ・デ・アモール,西片門前A3,理科一類9組,飲食/スイーツ
オリジナルロボットで遊ぼう,工学部2号館,RoboTech,学術/体験
さつまいもブリュレ,三四郎坂A1,IMOPROJECT,飲食/スイーツ
Physics Lab.2026,理学部1号館,Physics Lab.2026,学術/展示
システム創成ジ,農学部通りB7,工学部システム創成学科C,飲食/軽食
東大の木で！森を考える工作体験,工学部8号館,鴨田ゼミ,学術/体験
牛串 by LyRac,三四郎坂A5,LyRac,飲食/軽食
タッチダウンフランクフルト,工学部広場F2,VIKINGS,飲食/軽食
東大レゴ部展示,工学部3号館,レゴ部,エンタメ/展示
東大みかん愛好会,工学部2号館前6,みかん愛好会,飲食/スイーツ
赤門茶館,教育学部棟,中国茶同好会,飲食/飲み物
東大カジノ展,理学部1号館,ポーカーサークルBigSlick,エンタメ/ゲーム、パズル
イェッタイガートッポギ,中央通りB3,アイドル研究会,飲食/軽食
ナチョスのナイスなチョイス,銀杏並木C5,文科一・二類12組,飲食/お食事系
麻婆豆腐^2,銀杏並木C9,優しい山椒大夫,飲食/お食事系
漢珈琲,西片門前A5,若者研究会,飲食/飲み物
ティースタンドKUREHA,赤門通りC9,紅茶同好会KUREHA,飲食/スイーツ
紅茶処KUREHA,農学部1号館,紅茶同好会KUREHA,飲食/飲み物
VOCALOID DJ,工学部8号館,合成音声愛好会,音楽/楽器演奏
宙人,工学部7号館,工学部航空宇宙工学科,学術/展示
ブラアカ第32回五月祭演奏会,安田講堂,ブラスアカデミー,音楽/楽器演奏
マンドリンコンサート,工学部1号館,マンドリンクラブ,音楽/楽器演奏
チュきすぎて滅！,図書館通りC7,理科一類13組,飲食/スイーツ
五月祭教育シンポジウム2026,法文2号館,特定非営利活動法人　日本教育再興連盟（ROJE）,学術/講演会、発表
うどん部のぶっかけ焼きうどん,農学部通りD1,うどん部,飲食/お食事系
メロス妹,セントラルステージ,メロス妹,音楽/バンド
山下達郎コピーバンド,セントラルステージ,山下達郎コピーバンド,音楽/バンド
第20回東京大学五月祭記念弁論大会,法文1号館(東),弁論部,パフォーマンス/ショー
タロットパーティー,法文2号館,Tカード同好会,エンタメ/工作、体験
古流武術鹿島神流屋内演武,七徳堂,古流武術鹿島神流,パフォーマンス/スポーツ、武道
大学戦士トーダイン　上映会,国際学術総合研究棟,特撮映像研究会,エンタメ/展示
UTBC焼きそば,銀杏並木B7,UTBC,飲食/お食事系
自然環境学 五月祭Lab.,医学部広場B2,新領域創成科学研究科自然環境学専攻有志,飲食/軽食
苗から育てた玉ねぎ焼きそば！,農学部通りF3,Agrlien,飲食/お食事系
ナミビア研修報告会,国際学術総合研究棟,エムピージェーユース,学術/講演会、発表
しゅわっふる,赤門通りC3,手話サークル　しゅわっち,飲食/スイーツ
作って遊ぼう！ワクワクロボット,工学部14号館,未来ものづくり工房,学術/体験
たたら製鉄,工学部4号館,工学部マテリアル工学科,学術/体験
東大美術サークル五月展,工学部3号館,美術サークル,エンタメ/展示
推薦亭,赤門通りA2,推薦入学生有志,飲食/お食事系
Oasis コピーバンド by BR研,セントラルステージ,British Rock研究会,音楽/バンド
三鷹寮クレープ～収益は家賃に～,伊藤門横丁1,三鷹国際学生宿舎宿舎委員会,飲食/スイーツ
UTPT,理学部1号館,UTPT,エンタメ/ゲーム、パズル
まち大18ビール,正門横6,まちづくり大学院18期有志,飲食/酒類
単位くれ～ぷ,三四郎坂B2,理科二・三類10組,飲食/スイーツ
ゲー研コレクションわくわく生活,工学部5号館,ゲーム研究会,エンタメ/ゲーム、パズル
デジタル人文学フェス,法文1号館(西),人文社会系研究科 文化資源学研究専攻・人文情報学リサーチハブ,学術/展示
飛燕会の焼き鳥,工学部広場E2,飛燕会,飲食/軽食
東京大学ソーラーボートレーシング,西片門前A1,ソーラーボートレーシング,学術/展示
ヨット部牛串,図書館通りB1,ヨット部,飲食/軽食
科学を遊ぶ！くられ先生×キムワイプ卓球会,工学部14号館,キムワイプ卓球会,エンタメ/工作、体験
「共生」するとはどういうことか,法文1号館(西),文学部 人文学科 社会学専修,学術/講演会、発表
五月祭アイドルライブ,図書館前ステージ,エンタメ研究所,パフォーマンス/ショー
赤門カクテル研究所,伊藤門通りB5,カクテル研究所,飲食/酒類
丁友会カクテルバー,工学部横丁2,工学部丁友会,飲食/酒類
FLUTE ENSEMBLE,法文1号館(西),フルート同好会,音楽/楽器演奏
五月祭春の吟詠会,国際学術総合研究棟,詩吟研究会,音楽/合唱
東大VTuber愛好会,工学部14号館,VTuber愛好会,エンタメ/展示
いつも君のソバに～イカ焼きそば～,西片門前A2,文科一・二類23組,飲食/お食事系
牛には酷だが串にさす,正赤通りC7,理科二・三類14組,飲食/軽食
射的だよはっぴー,赤門通りB2,スポーツ愛好会バレーボールパート06,エンタメ/ゲーム、パズル
聖書の世界,工学部3号館,キリスト者学生会,学術/展示
ジャンボリチュロス！,中央通りB2,ディズニーサークル,飲食/スイーツ
同人誌即売会コミックアカデミー,工学部8号館,コミックアカデミー実行委員会,エンタメ/展示
愛らぶSHISHAMO,セントラルステージ,有志,音楽/バンド
ラヴ全上等！アメドはヤベェだろ,工学部広場A7,ラブオール,飲食/軽食
スペシャの焼きうどんkitchen,正赤通りD6,スペースシャトル,飲食/お食事系
トマトの牛串,図書館広場10,トマトテニスクラブ,飲食/お食事系
日本全国！名産品展,農学部通りD5,東大生地方創生コンソーシアム,飲食/お食事系
ブラアカ路上ライブ！,工学部広場ステージ,ブラスアカデミー,音楽/楽器演奏
イカす！でんの揚げサンド,中央通りB1,スプラトゥーンサークルでん,飲食/スイーツ
アツアツ！肉汁！あぁ！エンパナーダ,医学部広場B4,絶品！スペイン！あぁ！エンパナーダ,飲食/お食事系
働いて働いて働いて色変わるピー,正赤通りF5,Innovation ZERO,飲食/飲み物
利き参考書,伊藤門通りA4,卓越参考書研究会,エンタメ/ゲーム、パズル
マラバリスタジャグリングステージ,図書館前ステージ,ジャグリングサークルマラバリスタ,パフォーマンス/ショー
次世代ボードゲーム戦略会議,工学部11号館,新領域創成科学研究科有志,学術/体験
星空サイダー,農学部通りC1,地文研究会天文部,飲食/飲み物
名古屋どて煮一本勝負,農学部通りF4,水域保全,飲食/軽食
ウガンダの国民食ロレックス,正門横3,Challengers,飲食/軽食
古流武術鹿島神流屋外演武,理学部スペース,古流武術鹿島神流,パフォーマンス/スポーツ、武道
航空部の焼き鳥バードストライク,三四郎坂A3,航空部,飲食/軽食
ミシュランジェロ,銀杏並木A7,文科一・二類24組,飲食/お食事系
一歩踏み出して見える世界,工学部6号館,アイセック東京大学委員会,エンタメ/講演会、発表
Keystone Corner,工学部1号館,ジャズ研究会,音楽/バンド
UT COFFEE STAND,農学部1号館,珈琲同好会,飲食/飲み物
宙人,工学部7号館,工学部航空宇宙工学科,エンタメ/工作、体験
あ！杏仁ドリンク。,工学部広場E3,焼肉の〆,飲食/飲み物
東京大学囲碁部,国際学術総合研究棟,囲碁部,エンタメ/ゲーム、パズル
獣医アニマルわたあめ,農学部2号館前A5,農学部獣医学専攻,飲食/スイーツ
りばけ五月祭化学研究発表,理学部化学館,理学部化学科,学術/講演会、発表
ベルタコス,中央通りE5,ベルスターズ,飲食/お食事系
TOKYO ソーダ,工学部6号館横4,応援部,飲食/飲み物
目白台寮　国際交流カフェ,理学部1号館,目白台インターナショナルビレッジ,飲食/飲み物
えねるぎーらぼ,工学部3号館,工学部システム創成学科E&Eコース,学術/体験
地惑、わくわく,理学部1号館,理学部地球惑星物理学科・地球惑星環境学科,学術/展示
フラサークルKaWelina,工学部広場ステージ,フラサークルKaWelina,パフォーマンス/ダンス
ベネズエラ音楽ワークショップ,工学部3号館,Estudiantina Komaba,音楽/楽器演奏
文芸誌販売＆対話ブース,教育学部棟,教育学コース文芸部,学術/体験
INDONESIA CORNER (ICON),工学部広場D6,PERSATUAN PELAJAR INDONESIA,飲食/お食事系
宇宙開発フォーラム@五月祭,工学部3号館,宇宙開発フォーラム実行委員会,学術/講演会、発表
三つ星やきそば,農学部通りG4,理科一類33組,飲食/お食事系
𰻞𰻞麵,正門横5,理科一類26組,飲食/お食事系
Besterのかき氷,銀杏並木D1,Bester,飲食/スイーツ
 とくべチュ、ロスして,正赤通りF3,東京大学スポーツ愛好会バレーボールパート07,飲食/スイーツ
BeFrank,農学部通りC4,文科三類13組,飲食/軽食
TGIF MATCHA CAFE,農学部通りE3,TGIF,飲食/飲み物
東大多浪交流会,農学部通りB5,多浪交流会,飲食/酒類
まだ見ぬ一冊、かつての一冊,工学部2号館,出版甲子園実行委員会,エンタメ/工作、体験
箸で世界記録！30秒チャレンジ,銀杏並木D6,インカレギネスサークルRISE,エンタメ/ゲーム、パズル
東大 FKEN 五月祭ライブ,赤門総合研究棟,フォークソング研究会,音楽/バンド
たこやき敬天,正赤通りE1,新敬天寮,飲食/お食事系
東大五月祭特別講演　日本の未来を語る,法文1号館(東),右合の衆,学術/講演会、発表
LaVoceアカペラステージライブ,図書館前ステージ,アカペラバンドサークルLaVoce,音楽/合唱
牛串わしや,農学部通りD7,Eagles,飲食/軽食
Mandeln und Bier 2026,中央通りD5,理科二・三類17組有志,飲食/酒類
東大フィル第29回五月祭演奏会,安田講堂,フィルハーモニー管弦楽団,音楽/オーケストラ
野沢仕込み！スキー部おやき,銀杏並木B3,スキー部,飲食/軽食
岡山のご当地お菓子,工学部6号館横1,おかやま愛好会,飲食/スイーツ
クマ問題から生物多様性を考える,法文1号館(東),里山再生サークル「匠」,学術/講演会、発表
東京大学吹奏楽部五月祭大演奏会,安田講堂,吹奏楽部,音楽/楽器演奏
Limo-nà,医学部広場A11,シチリアレモネード愛好会,飲食/飲み物
ほたかさんの牛串,図書館通りC4,片平ゼミ,飲食/軽食
三河もちもち五平餅,西片門前B1,三河郷友会,飲食/お食事系
こだわりの牛串やさん,正赤通りE4,牛串同好会,飲食/軽食
わらび餅本舗,正赤通りE3,漢のスイーツ愛好会,飲食/スイーツ
米津玄師バンド,セントラルステージ,駒場キャンパス所属有志,音楽/バンド
BOILED五月祭ステージ,セントラルステージ,ストリートダンスサークルBOILED,パフォーマンス/ダンス
キャップ de ビンゴ,工学部3号館,キャップ投げサークル,エンタメ/工作、体験
みんな、牛肉食べようぜ,赤門通りB3,理科二・三類12組,飲食/軽食
Italyに至り　にゅ～,図書館広場6,理科二・三類6組,飲食/お食事系
サムギョプサル横丁,医学部広場A5,理科一類6組,飲食/お食事系
社基の牛串　土木な華金,工学部広場A8,工学部社会基盤学科学部4年,飲食/軽食
KILLER HOUSE,工学部8号館,お化け屋敷サークルInsomnia,エンタメ/展示
東大剣友会,農学部通りA5,剣友会,飲食/軽食
K'sワッフル,中央通りE1,K's CooKing,飲食/スイーツ
三代目　やきそば屋角力,中央通りE3,レスリング部,飲食/お食事系
焼きそばが冷めないうちに,工学部広場G7,理科一類32組,飲食/お食事系
魂のるフランクフルト破,伊藤門通りB4,理科一類28組,飲食/軽食
室内楽の会　五月祭演奏会,工学部11号館,室内楽の会,音楽/楽器演奏
東大娘。'26 五月祭公演,図書館前ステージ,東大娘。'26,パフォーマンス/ダンス
ごぶからあげ,工学部14号館前A6,護身武道空手部,飲食/お食事系
セローリのストラックアウト,工学部2号館前1,野球サークルセローリ,エンタメ/ゲーム、パズル
BAR落とし処,中央通りC3,法学部交渉ゼミ,飲食/酒類
＝GFとくべチュロス、して,銀杏並木D10,Group Flates,飲食/スイーツ
お笑いライブ「論より笑拠」,薬学部棟,お笑いサークル笑論法,パフォーマンス/ショー
ギョーザ〜食べ比べチャレンジ,医学部広場A10,医学系研究科公共健康医学専攻(SPH),飲食/お食事系
ちゅらけし,セントラルステージ,東京大学アイドル研究会,パフォーマンス/ショー
肉巻きおにぎり亭,農学部通りG3,理科一類34組,飲食/お食事系
応援部パレード・パフォーマンス,正門,応援部,パフォーマンス/ショー
RADWIMPS？,セントラルステージ,radファン,音楽/バンド
ミニミニボウリング！,工学部広場D1,ボウリング部,エンタメ/工作、体験
模擬雀荘,工学部3号館,麻雀サークル白,エンタメ/ゲーム、パズル
Ubiquitous Fruits,セントラルステージ,Ubiquitous Fruits,音楽/バンド
BBの焼きそば,工学部広場C1,BigBox's,飲食/お食事系
優上ケバブ,図書館通りA2,理科二・三類9組,飲食/お食事系
Re:結束バンド,セントラルステージ,軽音有志の会,音楽/バンド
とくべチュ♡ロス,工学部14号館前B3,文科三類11組,飲食/スイーツ
We are ARASHI Cover Stage,セントラルステージ,嵐 Tribute Band,音楽/バンド
ロ。-ロケットの運動について-,工学部5号館,UTAT,学術/体験
社会に役立つ化学をのぞこう,工学部5号館,工学部化学・生命系3学科,学術/体験
おきなわ屋,工学部広場C3,学生団体ALOHA,飲食/お食事系
焼きそばだけじゃダメですか？,中央通りD1,理科二・三類13組,飲食/お食事系
残灯ステラ　五月祭ライブ,セントラルステージ,幻想郷,音楽/バンド
東大白熱法学教室 〜ひもとく法律〜,ガラス棟,法科大学院出張教室,学術/体験
フワッフワッフル,図書館通りC3,理科一類10組,飲食/スイーツ
ぽんデたいむ,法文1号館(西),Tokyo base cap club,エンタメ/ゲーム、パズル
ブリトー征夷大将軍,赤門通りB1,ブリトー征夷大将軍,飲食/お食事系
最初はギュウ～、じゃんけんポン！,正赤通りD3,理科一類14組,飲食/軽食
ステージマジックショー,工学部2号館,奇術愛好会,パフォーマンス/ショー
モウ1杯！,中央通りD3,農経4年有志団体,飲食/お食事系
Jazz Junk Workshop On Stage,セントラルステージ,Jazz Junk Workshop,音楽/バンド
東大模型部五月祭展示会,理学部1号館,模型部,エンタメ/展示
射撃部のしゃてき,工学部2号館,射撃部,エンタメ/工作、体験
東大下暮らし～森林動物学の世界～,農学部1号館,フィールドサイエンス研究会,学術/展示
コンピュータを科学する,理学部1号館,理学部情報科学科,学術/展示
東京大学新聞社の新聞・書籍販売,正門横1,東京大学新聞社,エンタメ/展示
サク同クラ同合同演奏会,第二食堂,サクソフォン同好会/クラリネット同好会,音楽/楽器演奏
獣医外科のビール,農学部通りD8,獣医外科学研究室,飲食/酒類
鳥官僚,工学部広場D2,学生団体GEIL,飲食/軽食
脳破壊ポテト,工学部14号館前A4,バーキン研究会,飲食/軽食
呑んで応援！能登の味,農学部通りA6,FS能登町支援チーム,飲食/酒類
彼らが愛した美酒,工学部14号館前A5,一休,飲食/酒類
たろうのケバブ,工学部広場B8,文科三類7組,飲食/お食事系
東大おかやま愛好会×藤原しおり,セントラルステージ,おかやま愛好会,パフォーマンス/ショー
東大ファッションサークルの蚤の市,工学部6号館横5,ファッションサークル,エンタメ/工作、体験
スピカ映画上映会,工学部6号館,映画制作スピカ1895,エンタメ/展示
焼き小籠包〜生煎包〜,赤門通りA5,文科三類12組,飲食/お食事系
WISHステージ企画,三四郎坂,T.U.D.C WISH,パフォーマンス/ダンス
日本全国！名産品展 Ⅱ,農学部通りD6,東大生地方創生コンソーシアム,飲食/軽食
躰道部のバク宙たい焼き,正赤通りB1,躰道部,飲食/軽食
BeefReal.,工学部広場C2,理科一類38組,飲食/軽食
MUSIC,理学部スペース,教養学部全学自由研究ゼミナール　企画を創る～実践から学ぶ教養としてのアートマネジメント,音楽/楽器演奏
中高生のための進路相談会,ガラス棟,教育系団体の集い,学術/体験
高校研究への招待,工学部14号館,高等学校進学教育研究会,学術/展示
ボードゲームカフェWeeple,理学部1号館,ボドゲサークルWeeple,エンタメ/ゲーム、パズル
ムイビエーンチュロス2,銀杏並木C8,理科一類11組,飲食/スイーツ
東京大学バブルサッカークラブ,農学部グラウンド,バブルサッカークラブ,エンタメ/工作、体験
牛乳料理会の極上クリーミー麺,銀杏並木A5,牛乳料理会,飲食/お食事系
ヤキソバ二郎　理一39組店,正赤通りC5,理科一類39組,飲食/お食事系
エルピのやきそば,農学部1号館前A4,エルピラータ,飲食/お食事系
Are you TOFU?,農学部通りC5,dp9,飲食/軽食
ラケットふるふるフランクフルト,正赤通りC2,スポーツ愛好会バドミントンパート,飲食/軽食
Guten揚げパン,農学部通りA4,理科二・三類17組,飲食/スイーツ
五月祭英語スピーチコンテスト,経済学研究科棟,E.S.S.スピーチセクション,エンタメ/講演会、発表
ゲーム試遊空間,工学部6号館,ゲーム制作サークルノンリニア,エンタメ/ゲーム、パズル
ラムとスパイス、ときどきワイン。,農学部通りG1,あぐり×アグリ,飲食/お食事系
フォイヤー五月祭特別演奏会,安田講堂,フォイヤーヴェルク管弦楽団,音楽/オーケストラ
秋山歌謡祭,セントラルステージ,ロバート秋山愛好会,音楽/バンド
赤門フランクフルト専門店,西片門前B4,水泳サークルCoconuts,飲食/軽食
aikoコピーバンド,セントラルステージ,五月祭有志バンド,音楽/バンド
4ToD Second Stage -Blue-,図書館前ステージ,4ToD,パフォーマンス/ダンス
琉球エイサー,工学部広場ステージ,沖縄県人会,パフォーマンス/ダンス
ラグマン屋台 シルクロード,農学部通りC2,「ラグマン屋台 シルクロード」実行委員会,飲食/お食事系
お茶で世界旅行,銀杏並木C1,凸祭突撃隊,飲食/飲み物
まとのさんちのクロックムッシュ　revival,赤門通りC4,理科二・三類21組,飲食/お食事系
牛牛のクシーレン,銀杏並木C3,TBA,飲食/軽食
ケバブメゾン本郷,工学部広場G5,文科一・二類27組,飲食/お食事系
弥生せんべろ酒場,三四郎坂B1,弥生料理組合,飲食/酒類
東方五月祭,工学部6号館,幻想郷,エンタメ/展示
鳥豪族,中央通りD2,理科一類20組有志,飲食/軽食
加油！赤門油そば,正赤通りE2,文科一・二類19組,飲食/お食事系
レスマの牛串,西片門前B2,レモンスマッシュ,飲食/軽食
東大スペランザ式シュート対決,農学部通りB8,Speranza FC,エンタメ/ゲーム、パズル
熱々ジューシー春巻き,正赤通りA6,鬼ネバリ研究会,飲食/お食事系
AnotherVision謎解き公演,工学部2号館,謎解き制作団体AnotherVision,エンタメ/ゲーム、パズル
データで見る中学生〜彼らの本音に迫る〜,教育学部棟,教育学部比較教育社会学コース,学術/講演会、発表
舞美茶館,法文1号館(西),装い喫茶研究会,飲食/飲み物
あなたのためのプログラミング,工学部6号館,ut.code();,エンタメ/ゲーム、パズル
United Nomimonos,伊藤門通りA7,模擬国連駒場研究会,飲食/飲み物
kurayamisakaコピー,セントラルステージ,kurayamisakaコピーバンド,音楽/バンド
ミャンマーの今を知る。,工学部3号館,MISタイミャンマー国境チーム,学術/講演会、発表
しぞ〜かおでん「食わざあ」,中央通りE2,情報学環教育部有志,飲食/軽食
たこ焼きMBTI,正赤通りA1,Needec,飲食/お食事系
牛串にもほどがある！,工学部広場B6,文科一・二類11組,飲食/軽食
東大ア式vs創価大サッカー部,御殿下グラウンド,ア式蹴球部,パフォーマンス/スポーツ、武道
たこ焼き中船,中央通りA7,航空宇宙工学専攻中須賀・船瀬・五十里研究室,飲食/お食事系
ダブルリード同好会五月祭演奏会,第二食堂,ダブルリード同好会,音楽/楽器演奏
ユーフォのアメリカンドッグ,銀杏並木D7,ユーフォリア,飲食/軽食
Frankfrank,工学部広場E5,理科二・三類18組,飲食/軽食
きもちの休憩所,法文1号館(西),nayamii,学術/体験
High Stick,銀杏並木A4,フロアボールクラブ,飲食/軽食
もつ鍋射楽,農学部通りE4,ゆみの会,飲食/お食事系
ずぼらに一休み！,法文2号館,ずぼらのメガネ,学術/展示
少林寺拳法部の黒帯牛串,医学部広場B8,少林寺拳法部,飲食/軽食
うまいんつ,医学部広場A3,ハンドボールサークルマインツ,飲食/お食事系
フランス発！塩キャラメルオレ,図書館通りB2,文科三類18組,飲食/飲み物
シミュレーション構築ラボ,工学部3号館,工学部システム創成学科SDMコース,学術/展示
よってくれーぷ、みてくれーぷ,農学部通りB4,理科一類37組,飲食/スイーツ
東大ちょこばな奈,銀杏並木A8,理科二・三類16組,飲食/スイーツ
こんなにアヒルすくエンテ,図書館通りB3,高度ドイツ語1期生,エンタメ/工作、体験
ユニバーサルスタジオTOKYO,正赤通りD7,文科一・二類13組,エンタメ/ゲーム、パズル
産地直送「漁師のアジフライ」,工学部広場B1,国際水産開発学研究室,飲食/軽食
テレビの大学2026 in 五月祭,理学部1号館,AGESTOCK2026実行委員会／テレビの大学2026実行委員会,エンタメ/講演会、発表
地球のみらいカフェ,法文1号館(西),SDGs協創学生アライアンス,飲食/スイーツ
東大牛串専門店,正赤通りA3,石川富山明倫学館,飲食/軽食
廃液カクテル,図書館広場9,理学系研究科化学専攻,飲食/酒類
爆揚げアイス ¡Muy bién!,工学部14号館前B6,文科一・二類8組,飲食/スイーツ
装い喫茶出張店,工学部14号館前B4,装い喫茶研究会,エンタメ/ゲーム、パズル
RADWIMPSコピーバンド,セントラルステージ,有志の会,音楽/バンド
シャシリク一列②,医学部広場B5,理科一類4・5組、理科二・三類4組,飲食/軽食
皇帝のおいしい戯言,正赤通りB3,文科三類16組,飲食/スイーツ
少林寺拳法部五月祭大演武会,七徳堂,少林寺拳法部,パフォーマンス/スポーツ、武道
馬路ゼミの馬串,中央通りC4,馬路ゼミ,飲食/軽食
タコス研究会研究成果発表会,農学部1号館前A1,タコス研究会,飲食/お食事系
巻いて巻いて巻いて参ります,正赤通りD8,理科一類12組,飲食/軽食
鹿肉ジビエ酒場~色川の里山から~,伊藤門通りB1,FS和歌山県那智勝浦町チーム,飲食/酒類
焼きそばクラフト亭,正赤通りE7,ダンボール同好会,飲食/お食事系
フェンシング部のブリュレクレープ,工学部14号館前B5,フェンシング部,飲食/スイーツ
探検部の浜焼き,中央通りF8,海洋調査探検部,飲食/軽食
団子シェーン,工学部広場E1,文科三類15組,飲食/スイーツ
Pop In Corn,農学部2号館前B3,文科三類8組,飲食/軽食
チートグ,農学部通りF1,理科二類5組,飲食/軽食
くっしーの牛串,伊藤門横丁4,理科二・三類23組,飲食/軽食
写真文化会 五月祭写真展,法文1号館(東),写真文化会,エンタメ/展示
Spectrum Bar,三四郎坂B5,理科一類37組有志,飲食/酒類
米と音楽,赤門通りC1,ストリートカルチャー同好会,飲食/お食事系
効用爆上げポテト！,医学部広場B3,学生経友会,飲食/軽食
牛すぎて串！,中央通りC6,アムレット,飲食/軽食
中華食堂,工学部広場F1,中国留学生学友会,飲食/お食事系
卓パの牛串,農学部通りA3,スポーツ愛好会卓球パート,飲食/軽食
ドイチュロス,西片門前A4,文科一・二類20組,飲食/スイーツ
Otama House,法文1号館(西),オタマトーン同好会,音楽/楽器演奏
ワタナベの明太フランス,正赤通りA2,院のなかまたち,飲食/軽食
Legg ランドスケープサークル,農学部1号館,Legg ランドスケープサークル,学術/展示
恋愛IQカフェ,教育学部棟,教育学部教育心理学コース,エンタメ/工作、体験
テコンドー演武,七徳堂,テコンドー部,パフォーマンス/スポーツ、武道
郵便配達夫,法文1号館,文学部人文学科哲学専修有志,エンタメ/工作、体験
POPSTAR スピカ,農学部2号館前A4,映画制作スピカ1895,飲食/軽食
海洋ごみからキーホルダーを作ろう,工学部3号館,MIS Fチーム,エンタメ/工作、体験
ロシア語選択合同誌即売会,ガラス棟,ロシア語選択者,エンタメ/展示
酒より団子,工学部広場G10,山岳愛好会雷鳥,飲食/軽食
澤田ゼミの焼きそば,図書館通りA5,澤田ゼミ,飲食/お食事系
鉄門排球楼,農学部2号館前A1,医学部鉄門バレーボール部,飲食/お食事系
オムニバス室内楽団 五月祭公演,第二食堂,オムニバス室内楽団,音楽/楽器演奏
運動会イチ公のお店,農学部通りB2,総務部,エンタメ/展示
AnotherVision物販,工学部2号館,謎解き制作団体AnotherVision,エンタメ/ゲーム、パズル
皆中パンケーキ,医学部広場A9,弓道同好会,飲食/スイーツ
島バナナ同好会,赤門通りB6,宮古島同好会イベント部,飲食/酒類
玉井ゼミ講演イベント,法文1号館(東),玉井ゼミ,学術/講演会、発表
ピカリ化学,ガラス棟,楊井研究室ピカリ化学,学術/展示
東大デュエマ頂上決戦ｉｎ本郷,ガラス棟,デュエマ同好会,エンタメ/ゲーム、パズル
31 Bananaskin Robbins,図書館広場8,理科一類31組,飲食/スイーツ
ゴルフ部のクレープ,工学部広場A6,ゴルフ部,飲食/スイーツ
とり薬局,農学部2号館前A2,薬学部,飲食/軽食
てぃらみす＠くれ～ぷ,西片門前B3,理科二・三類6組,飲食/スイーツ
ALLDCのトルネードポテト,西片門前B6,ALLDC,飲食/軽食
東大リコ同五月祭演奏会,弥生講堂,リコーダー同好会,音楽/楽器演奏
UGcafe,農学部通りC6,"UGBAS, ウガンダ野球を支援する会",飲食/飲み物
本格ガパオ堂,工学部広場B3,Thai Students' Association,飲食/お食事系
Opening,セントラルステージ,五月祭常任委員会,パフォーマンス/ショー
Finale,セントラルステージ,五月祭常任委員会,パフォーマンス/ショー
キャンパスツアー,理学部1号館,五月祭常任委員会,学術/体験
キャンパスラリー,正門,五月祭常任委員会,エンタメ/ゲーム、パズル
めい先生のまほう学校,理学部1号館,五月祭常任委員会,エンタメ/工作、体験
もこもこめいのわくわくパレード,銀杏並木,五月祭常任委員会,パフォーマンス/ショー
あなたの｢好き｣が芽吹くところ。,工学部3号館,五月祭常任委員会,エンタメ/展示
急がば回れのサイエンス,工学部8号館,五月祭常任委員会,学術/講演会、発表
見て、聞いて、感じる古代イタリア,工学部8号館,五月祭常任委員会,学術/講演会、発表
我々はなぜ「推す」のか,工学部8号館,五月祭常任委員会,学術/講演会、発表
恋愛を哲学しよう,工学部8号館,五月祭常任委員会,学術/講演会、発表
レゴ®︎ブロックで創る、アート人生,経済学研究科棟,五月祭常任委員会,エンタメ/講演会、発表
パニパニパニック,正赤通りE5,文科三類6組,飲食/軽食
Once More スモア,農学部通りA2,文科一・二類10組,飲食/スイーツ
東大飲茶 —トウダイヤムチャ—,伊藤門通りA6,文科一・二類17組,飲食/スイーツ
雪、揚げちゃいました,中央通りF1,文科一・二類11組,飲食/スイーツ
わらびが餅ベーション,工学部広場D5,文科一・二類14組,飲食/スイーツ
クレープをおくれーぷ,図書館通りB5,文科一・二類23組,飲食/スイーツ
Many 買ってナ,医学部広場A6,文科一・二類26組,飲食/スイーツ
東京大学胡麻団子愛好会,銀杏並木A2,文科一・二類18組,飲食/スイーツ
東大蛸戦,銀杏並木B2,文科一・二類25組,飲食/お食事系
華・ステラ,農学部通りA1,文科三類13組,飲食/スイーツ
東大だんご,赤門通りA3,文科一・二類28組,飲食/スイーツ
ホンゴウ茶会事件,正赤通りB4,文科三類17組,飲食/飲み物
ぷいぷいもるばうむ,中央通りC5,インタークラス,飲食/スイーツ
チョコっとバナナスタンド,農学部通りG8,文科一・二類15組,飲食/スイーツ
チ。ーチキンの名店についてー,正赤通りF2,文科一・二・三類5組,飲食/お食事系
Buono!Lemonade,農学部通りD4,文科一・二類6組,飲食/飲み物
超ワッフル♡宣伝部,正赤通りA5,文科一・二類19組,飲食/スイーツ
超くろわっさん！潰しすぎて滅！,工学部14号館前A2,文科一・二類13組,飲食/スイーツ
カレーなるフランクフルト,工学部広場B4,文科一・二類22組,飲食/軽食
赤門クレープ,工学部広場E7,文科一・二類7組,飲食/スイーツ
恋のChuChuチュロス,工学部横丁5,文科三類10組,飲食/スイーツ
アゲット,農学部通りB1,文科三類19組,飲食/軽食
グラシアス・レモネード,中央通りB4,文科三類9組,飲食/飲み物
Frankfrank,三四郎坂B4,文科一・二類21組,飲食/軽食
モアモアスモア 〜もっと欲しくなるマシュマロクッキーサンド〜,農学部2号館前B2,文科三類12組,飲食/スイーツ
くれくれクレープ-我巻く故にクレープあり,赤門通りC5,文科一・二類24組,飲食/スイーツ
バ7ブリュレ’27,赤門通りA6,文科一・二類27組,飲食/スイーツ
チュ。-東大のチュロスについて-,中央通りE4,文科三類7組,飲食/スイーツ
パッションで焼く！ベビーカステラ,中央通りC2,文科三類14組,飲食/スイーツ
喫茶・おるれ庵,工学部横丁6,文科三類18組,飲食/スイーツ
東餃大学,正赤通りD5,文科三類11組,飲食/お食事系
ブースト！ブースト！カリーブルスト！,正赤通りA4,文科三類16組,飲食/軽食
東茶　Dong_cha,図書館通りC5,文科一・二類12組,飲食/飲み物
揚げすぎて鯛！,医学部広場B9,文科一・二類16組,飲食/スイーツ
今日、肉で巻きました～おにぎり編～,図書館通りB4,文科三類8組,飲食/お食事系
フランスパン革命,図書館広場2,文科三類20組,飲食/軽食
Guten Wurst !,工学部横丁7,文科三類15組,飲食/軽食
チュロすぎて滅！,伊藤門横丁6,理科一類33組,飲食/スイーツ
イチョウドーナツ,正赤通りE6,理科一類30組,飲食/スイーツ
揚げアイスで気分アゲアゲ！,中央通りF6,理科一類11組,飲食/スイーツ
不可（フ）ランクフルト 単位より重い!,伊藤門通りA5,理科一類28組,飲食/軽食
どいちゅろす,銀杏並木A9,理科二・三類17組,飲食/スイーツ
胡麻より男子,中央通りA4,理科一類12組,飲食/スイーツ
伸びすぎて熱！絶品チーズボール,図書館通りA4,理科二・三類5組,飲食/スイーツ
モナ・ピザ,中央通りF4,理科一類37組,飲食/お食事系
東籠包,医学部広場B6,理科二・三類9組,飲食/お食事系
ヤバイケバブ屋さん,銀杏並木D4,理科二・三類12組,飲食/お食事系
単位餅こたえドリンク,図書館広場5,理科一類25組,飲食/飲み物
わんだっふる,赤門通りB5,理科二・三類23組,飲食/スイーツ
本郷アブラ学会,図書館通りC8,理科一類19組,飲食/お食事系
芋すぎて滅！,工学部広場G9,理科二・三類11組,飲食/軽食
鳥庶民,西片門前B5,理科一類20組,飲食/軽食
小籠包〜美味すぎて滅！〜,農学部1号館前B4,理科一類26組,飲食/お食事系
ケンタッキー・フライド・ピッツァ,正赤通りC3,理科二・三類6組,飲食/軽食
辛ラーメン♡からいーだけじゃだめですか？,中央通りD4,理科一類6組,飲食/お食事系
素数アイス,工学部14号館前B1,理科一類21組,飲食/スイーツ
ミルクフランス革命,農学部1号館前B1,理科一類34組,飲食/スイーツ
独語選択の本場フランクフルト,農学部通りG5,理科一類18組,飲食/軽食
カステラおばさんのベイビー,工学部広場E4,理科二・三類8組,飲食/スイーツ
爆裂焦がしてる,銀杏並木A1,理科二・三類22組,飲食/スイーツ
Patate Deliziose Otto,図書館広場3,理科一類8組,飲食/軽食
見揚げれば雪,農学部1号館前B3,理科一類17組,飲食/スイーツ
大タコ翔平,銀杏並木D2,理科二・三類18組,飲食/お食事系
「タコ」が焼けるとき。,三四郎坂A4,理科二・三類14組,飲食/お食事系
走れチュロス,正赤通りD4,理科一類39組,飲食/スイーツ
タコスぎて滅！,三四郎坂B3,理科一類9組,飲食/お食事系
Donuteria Sette,中央通りA1,理科一類7組,飲食/スイーツ
ワッフル革命,中央通りF2,理科二・三類24組,飲食/スイーツ
Monsieur's Kitchen,医学部広場A8,理科一類38組,飲食/お食事系
焼きたてホットサンド,伊藤門通りA8,理科二・三類15組,飲食/お食事系
オレ達のアゲ揚げ⤴︎⤴︎⤴︎オレオ,銀杏並木D5,理科一類36組,飲食/軽食
今日ビジュホットドッグじゃん,農学部通りD3,理科一類32組,飲食/お食事系
ば・く・ぽ・て　「爆ポテ愛してる」,銀杏並木A10,理科二・三類7組,飲食/軽食
ふらっとフランクフルト,銀杏並木C2,理科一類29組,飲食/軽食
¡Hola!タコス無双,医学部広場B7,理科一類15組,飲食/お食事系
好きすぎて列、に並んででも食べたいクロワッサン,工学部14号館前B2,理科二・三類20組,飲食/スイーツ
#春から糖大,銀杏並木B5,理科二・三類16組,飲食/スイーツ
東大レモネード,銀杏並木C10,理科一類23組,飲食/飲み物
ヴルスト、売るっすと,伊藤門横丁5,理科一類31組,飲食/軽食
パリ（Paris）っと唐揚げ,正門横2,理科二・三類21組,飲食/お食事系
じゃんけんクレープ,農学部1号館前A3,理科一類16組,飲食/スイーツ
ホット(HOT)けないサンド,赤門通りC2,理科一類10組,飲食/お食事系
韓流ワッフル,正赤通りC6,理科一類22組,飲食/スイーツ
りろしかふぇ　ピロシキ&ティー,工学部広場G2,理科一類4・5組、理科二・三類4組,飲食/軽食
冷菓 冰粉庵,図書館通りA3,理科一類27組,飲食/スイーツ
グーテン・たこせん,赤門通りC7,理科二・三類19組,飲食/お食事系
もふもふモッフル店,農学部1号館前B2,理科二・三類10組,飲食/スイーツ
シュレーディンガーのベビーカステラ,工学部14号館前A3,理科一類35組,飲食/スイーツ
24cmのチュロス,正門横4,理科一類24組,飲食/スイーツ
シャカすぎてポテ！,銀杏並木B8,理科一類13組,飲食/軽食
暖犬!,赤門通りB4,文科一・二類20組,飲食/軽食
ギョギョ餃子,工学部広場G1,理科一類14組,飲食/お食事系
ごますぎて滅！,医学部広場A7,理科二・三類13組,飲食/スイーツ
Holaの揚げベビーカステラだゾ,工学部広場G3,文科一・二類9組,飲食/スイーツ
私もゼフィール食べたこと無かったの,中央通りF3,文科一・二・三類4組,飲食/スイーツ
ヘビーカステラ,中央通りA2,文科一・二類8組,飲食/スイーツ
